[
    {
        "id": 1,
        "name": "Central Park Station",
        "available_bikes": 11,
        "available_docks": 4
    },
    {
        "id": 2,
        "name": "Downtown Plaza Station",
        "available_bikes": 5,
        "available_docks": 10
    },
    {
        "id": 3,
        "name": "Riverside Park Station",
        "available_bikes": 8,
        "available_docks": 7
    },
    {
        "id": 4,
        "name": "University Campus Station",
        "available_bikes": 3,
        "available_docks": 12
    },
    {
        "id": 5,
        "name": "Shopping District Station",
        "available_bikes": 2,
        "available_docks": 2
    }
]